{
  "total_tokens": 62021846,
  "num_documents": 50000,
  "doc_length_stats": {
    "mean": 1240.43692,
    "median": 733.0,
    "min": 74,
    "max": 123565,
    "std": 2199.204779082865
  },
  "doc_length_distribution": {
    "0-50": 0,
    "50-100": 37,
    "100-200": 3532,
    "200-500": 14094,
    "500-1000": 13470,
    "1000-2048": 11909,
    "2048-5000": 5568,
    "5000-10000": 1018,
    "10000-50000": 365,
    "50000-123566": 7
  },
  "cold_start_token_pct": {
    "10": 0.8061675558641063,
    "25": 2.015418889660266,
    "50": 4.030837779320532,
    "100": 8.061111241351957,
    "200": 15.89870769083526
  },
  "windows_2048": {
    "total": 30284,
    "with_boundary": 22577,
    "pct_with_boundary": 74.55091797648925,
    "avg_boundaries_per_window": 1.6510368511425175
  },
  "short_doc_pct": {
    "under_50": 0.0,
    "under_100": 0.074,
    "under_500": 35.326
  }
}